id,first_name,last_name,email,gender,ip_address
1,Maddie,Noad,mnoad0@irs.gov,Female,217.201.213.24
2,Hilary,Dresser,hdresser1@hao123.com,Male,128.79.94.39
3,Thain,Kleiser,tkleiser2@webnode.com,Male,19.233.121.243
4,Anne-corinne,Crimin,acrimin3@de.vu,Female,246.20.11.63
5,Colver,Bottomer,cbottomer4@surveymonkey.com,Male,211.251.239.95
6,Orson,Debenham,odebenham5@xinhuanet.com,Male,3.121.128.168
7,Constantin,Crossfeld,ccrossfeld6@issuu.com,Male,16.158.53.154
8,Clary,Hannibal,channibal7@shop-pro.jp,Female,96.6.178.45
9,Alano,McKinie,amckinie8@drupal.org,Male,49.107.243.90
10,Ravi,Hymor,rhymor9@list-manage.com,Bigender,179.119.232.16
11,Garrett,Cleef,gcleefa@fda.gov,Male,94.151.62.205
12,Xerxes,Le Page,xlepageb@biblegateway.com,Male,98.149.157.146
13,Stanleigh,Rudland,srudlandc@utexas.edu,Bigender,189.180.105.96
14,Darby,Parmer,dparmerd@ibm.com,Genderqueer,141.248.106.197
15,Fairleigh,Palatino,fpalatinoe@adobe.com,Male,146.167.130.133
16,Cyril,Courtes,ccourtesf@technorati.com,Male,213.63.142.91
17,Enrique,Connors,econnorsg@yolasite.com,Male,14.143.135.119
18,Josias,Clashe,jclasheh@altervista.org,Male,84.14.254.61
19,Danika,MacAlister,dmacalisteri@t-online.de,Female,167.156.125.122
20,Rutledge,Flemming,rflemmingj@cafepress.com,Genderqueer,88.24.196.23
21,Tod,Leele,tleelek@diigo.com,Male,72.210.241.168
22,Eva,Van der Merwe,evandermerwel@cisco.com,Female,222.58.237.74
23,Marillin,Hollibone,mhollibonem@goodreads.com,Polygender,131.204.247.210
24,Ashbey,Stienton,astientonn@discuz.net,Male,225.215.93.181
25,Bartholomeus,Iveson,bivesono@unblog.fr,Male,55.230.5.177
26,Nicolette,Anglim,nanglimp@google.de,Female,251.143.232.122
27,Muffin,Chappelow,mchappelowq@infoseek.co.jp,Female,190.65.27.222
28,Timmie,Wetwood,twetwoodr@creativecommons.org,Female,152.202.76.206
29,Zenia,Enser,zensers@barnesandnoble.com,Polygender,77.188.24.85
30,Zarah,Aindriu,zaindriut@vkontakte.ru,Female,205.113.58.128
31,Dulsea,Dobrowlski,ddobrowlskiu@sakura.ne.jp,Polygender,247.6.83.71
32,Kirsteni,Orton,kortonv@nymag.com,Female,190.123.132.67
33,Ophelie,Rodrig,orodrigw@smh.com.au,Female,18.74.86.164
34,Waverley,Summerskill,wsummerskillx@hexun.com,Male,180.3.139.197
35,Olenka,Bowlands,obowlandsy@economist.com,Female,77.84.73.176
36,Maynard,Schaumann,mschaumannz@twitter.com,Male,23.60.177.157
37,Patrice,Bromont,pbromont10@newyorker.com,Female,231.97.168.160
38,Westleigh,Foukx,wfoukx11@bloglovin.com,Male,164.124.137.175
39,Janek,Pachta,jpachta12@webnode.com,Male,18.182.251.21
40,Korrie,Hardson,khardson13@ameblo.jp,Female,199.167.245.43
41,Maurita,O'Deoran,modeoran14@ucla.edu,Bigender,95.61.85.86
42,Rogers,Waszczykowski,rwaszczykowski15@scientificamerican.com,Male,198.174.244.146
43,Theressa,Plumtree,tplumtree16@symantec.com,Female,33.170.17.186
44,Meg,Pender,mpender17@goodreads.com,Female,218.166.141.119
45,Sidonnie,Wyllie,swyllie18@photobucket.com,Bigender,135.203.215.174
46,Lodovico,Mulqueen,lmulqueen19@lulu.com,Male,144.246.101.6
47,Daren,Bickardike,dbickardike1a@cyberchimps.com,Male,21.17.201.175
48,Rodd,Lightbown,rlightbown1b@cdbaby.com,Male,118.72.63.88
49,Malia,Clougher,mclougher1c@etsy.com,Female,115.8.251.213
50,Nikoletta,Beswetherick,nbeswetherick1d@ted.com,Non-binary,86.70.54.21
51,Yurik,Haxbie,yhaxbie1e@businessinsider.com,Male,54.69.6.61
52,Nadya,Cosbee,ncosbee1f@360.cn,Female,15.77.159.60
53,Berny,Grabb,bgrabb1g@hud.gov,Female,103.13.4.159
54,Ansell,Alpin,aalpin1h@theatlantic.com,Male,159.70.48.164
55,Cecilla,Rowantree,crowantree1i@theglobeandmail.com,Female,220.1.243.237
56,Zed,Churchman,zchurchman1j@ft.com,Male,63.75.168.51
57,Jenica,Danslow,jdanslow1k@elegantthemes.com,Genderfluid,162.111.106.124
58,Pattie,Cowgill,pcowgill1l@ameblo.jp,Male,79.18.255.97
59,Ewart,Blasetti,eblasetti1m@cam.ac.uk,Male,169.198.151.195
60,Torrie,Laurencot,tlaurencot1n@ow.ly,Female,141.194.206.203
61,Llewellyn,Stapylton,lstapylton1o@people.com.cn,Male,195.120.221.134
62,Elle,Josiah,ejosiah1p@slate.com,Female,178.45.90.31
63,Darcee,Reef,dreef1q@marriott.com,Female,31.109.226.29
64,Henriette,Iacovaccio,hiacovaccio1r@vk.com,Female,23.250.24.205
65,Cleopatra,Alesi,calesi1s@quantcast.com,Female,22.226.187.181
66,Michaeline,Beseke,mbeseke1t@comsenz.com,Female,169.203.252.110
67,Gillie,Rehn,grehn1u@unesco.org,Female,103.251.66.40
68,Ronna,Assur,rassur1v@ucla.edu,Bigender,55.207.183.100
69,Stavros,Bouchier,sbouchier1w@uol.com.br,Polygender,158.70.170.42
70,Malissia,Talton,mtalton1x@tumblr.com,Polygender,82.141.128.200
71,Byram,Abramovicz,babramovicz1y@elpais.com,Polygender,29.138.121.251
72,Hermann,Leavy,hleavy1z@newyorker.com,Male,156.189.168.238
73,Zoe,Vigers,zvigers20@amazonaws.com,Female,25.220.241.230
74,Benedikta,Mulcock,bmulcock21@usnews.com,Female,61.93.60.36
75,Bertrando,Kenrick,bkenrick22@businessinsider.com,Male,107.177.117.15
76,Lorrayne,Le Grove,llegrove23@multiply.com,Non-binary,65.222.166.45
77,Camilla,Feares,cfeares24@ucoz.ru,Female,248.15.46.141
78,Janna,Reilinger,jreilinger25@mysql.com,Female,75.123.38.160
79,Jaime,Welling,jwelling26@reverbnation.com,Female,51.238.174.84
80,Iolanthe,Ferrao,iferrao27@twitpic.com,Female,239.182.53.81
81,Georgeanne,Greatbanks,ggreatbanks28@eventbrite.com,Female,84.80.8.78
82,Gerik,Mariault,gmariault29@wikimedia.org,Male,138.78.196.89
83,Oralee,Tremollet,otremollet2a@altervista.org,Genderfluid,131.180.49.219
84,Cordie,Venus,cvenus2b@pcworld.com,Male,154.186.139.45
85,Mirilla,Butcher,mbutcher2c@deliciousdays.com,Female,248.8.217.117
86,Falkner,Lomen,flomen2d@plala.or.jp,Male,192.185.198.43
87,Julieta,Dumke,jdumke2e@amazonaws.com,Female,12.253.103.219
88,Daveen,Josephs,djosephs2f@yahoo.co.jp,Female,178.119.126.69
89,Garrick,Flisher,gflisher2g@over-blog.com,Male,254.26.53.141
90,Georgiana,Isenor,gisenor2h@sogou.com,Female,13.150.187.26
91,Marlena,Cattrall,mcattrall2i@youku.com,Female,211.11.170.252
92,Karlen,Stealfox,kstealfox2j@taobao.com,Female,39.111.196.244
93,Dorothee,Marr,dmarr2k@reddit.com,Female,201.55.155.91
94,Etan,Edwards,eedwards2l@youtube.com,Male,54.197.232.53
95,Sebastien,Dysert,sdysert2m@123-reg.co.uk,Male,133.28.124.218
96,Marnia,Lindroos,mlindroos2n@dropbox.com,Female,170.74.153.143
97,Kippie,Bediss,kbediss2o@php.net,Male,60.23.150.25
98,Opaline,Andrioletti,oandrioletti2p@ucoz.ru,Female,230.126.119.29
99,Lem,Esp,lesp2q@xrea.com,Genderqueer,202.249.134.165
100,Morgun,Legen,mlegen2r@craigslist.org,Male,40.221.87.75
101,Rodrigo,Beton,rbeton2s@comcast.net,Male,135.41.20.141
102,Enrico,Venn,evenn2t@ca.gov,Male,108.129.208.42
103,Raddy,Cahey,rcahey2u@dell.com,Male,41.155.97.143
104,Edouard,Basset,ebasset2v@unesco.org,Male,238.224.192.99
105,Fawnia,Coomes,fcoomes2w@oracle.com,Bigender,182.7.69.99
106,Elfreda,Ashtonhurst,eashtonhurst2x@icio.us,Female,231.199.25.248
107,Ellswerth,Blacklock,eblacklock2y@netlog.com,Male,9.232.175.18
108,Alphonse,Brum,abrum2z@webeden.co.uk,Male,245.4.62.1
109,Robyn,Croucher,rcroucher30@artisteer.com,Female,44.215.52.123
110,Reider,Reade,rreade31@google.com,Male,153.90.19.38
111,Yevette,Doul,ydoul32@squarespace.com,Female,143.14.22.165
112,Titus,Overel,toverel33@ask.com,Male,144.60.199.166
113,Zack,Reames,zreames34@cnet.com,Male,201.147.99.219
114,Ernesta,Fulloway,efulloway35@is.gd,Non-binary,36.172.33.229
115,Eb,Saterthwait,esaterthwait36@google.co.jp,Male,97.170.248.193
116,Lonnie,Rennick,lrennick37@harvard.edu,Female,15.97.254.90
117,Darius,Bramford,dbramford38@biglobe.ne.jp,Male,83.241.244.45
118,Engracia,Searles,esearles39@sohu.com,Female,147.226.137.83
119,Nataniel,Ead,nead3a@wunderground.com,Male,212.26.0.166
120,Taddeo,Goggan,tgoggan3b@furl.net,Male,183.56.46.112
121,Daveta,Brandenburg,dbrandenburg3c@issuu.com,Female,0.87.175.88
122,Thorndike,Basek,tbasek3d@elpais.com,Male,216.109.36.188
123,Dale,Keighly,dkeighly3e@yandex.ru,Female,32.187.148.35
124,Gauthier,Flawn,gflawn3f@people.com.cn,Male,186.125.71.45
125,Jeralee,Goldspink,jgoldspink3g@bigcartel.com,Female,4.214.206.170
126,Vaughan,Wilkinson,vwilkinson3h@google.ca,Male,112.231.189.35
127,Marja,Keepe,mkeepe3i@bigcartel.com,Female,122.21.31.248
128,Reynard,Drioli,rdrioli3j@dmoz.org,Male,218.249.222.13
129,Lek,Godfray,lgodfray3k@1688.com,Male,220.181.205.15
130,Berky,Gieves,bgieves3l@sourceforge.net,Male,229.97.129.216
131,Morty,Screaton,mscreaton3m@usnews.com,Male,232.222.91.252
132,Rourke,Wortley,rwortley3n@gmpg.org,Agender,93.243.92.154
133,Reynolds,Purdey,rpurdey3o@usgs.gov,Male,249.233.134.192
134,Chet,Byars,cbyars3p@zdnet.com,Male,93.37.223.151
135,Sharla,aManger,samanger3q@state.gov,Female,90.43.235.145
136,Vachel,Kirckman,vkirckman3r@pagesperso-orange.fr,Male,229.130.179.196
137,Nicole,Sandeland,nsandeland3s@nature.com,Female,223.182.247.63
138,Hillie,Mayhead,hmayhead3t@google.es,Male,187.205.141.204
139,Archaimbaud,Heinrich,aheinrich3u@ibm.com,Male,158.214.96.124
140,Pablo,Penberthy,ppenberthy3v@washington.edu,Male,166.7.206.65
141,Vaclav,Fillis,vfillis3w@dyndns.org,Male,82.170.135.45
142,Kippy,McCarney,kmccarney3x@phpbb.com,Male,185.212.164.207
143,Collette,Figures,cfigures3y@nydailynews.com,Female,33.70.4.133
144,Eyde,Hackworthy,ehackworthy3z@howstuffworks.com,Female,215.126.202.210
145,Lemar,Trout,ltrout40@cdc.gov,Male,250.31.10.81
146,Normie,Drohun,ndrohun41@odnoklassniki.ru,Male,90.224.91.103
147,Phillipp,McCambrois,pmccambrois42@newsvine.com,Male,189.64.127.180
148,Keith,Gatch,kgatch43@dmoz.org,Male,235.85.145.204
149,Chrissie,Letford,cletford44@google.pl,Female,69.238.122.66
150,Filbert,Hartshorne,fhartshorne45@archive.org,Male,99.197.188.70
151,Denney,Temple,dtemple46@printfriendly.com,Non-binary,93.102.19.95
152,Carter,Gaul,cgaul47@studiopress.com,Non-binary,122.73.168.160
153,Em,Overthrow,eoverthrow48@nyu.edu,Male,164.215.197.165
154,Paige,Olivera,polivera49@behance.net,Male,134.208.153.50
155,Fernanda,Stopp,fstopp4a@networkadvertising.org,Female,87.216.206.125
156,Gilberte,Truran,gtruran4b@uol.com.br,Female,231.156.39.93
157,Tiphani,Littler,tlittler4c@time.com,Female,191.48.40.146
158,Rosalynd,Angus,rangus4d@apple.com,Female,152.33.105.192
159,Lenna,Greswell,lgreswell4e@cbslocal.com,Female,116.162.12.163
160,Sela,Haley,shaley4f@bigcartel.com,Female,68.88.137.67
161,Cilka,Klosser,cklosser4g@is.gd,Female,152.112.77.81
162,Bernadina,Prescott,bprescott4h@house.gov,Female,250.50.126.105
163,Renae,Gavrielly,rgavrielly4i@harvard.edu,Genderqueer,210.223.137.60
164,Lindsy,Chandler,lchandler4j@economist.com,Female,129.128.219.218
165,Ellis,Soper,esoper4k@about.me,Male,240.229.143.155
166,Clemmy,Yakobovitz,cyakobovitz4l@unicef.org,Agender,52.216.103.190
167,Farly,Klulisek,fklulisek4m@narod.ru,Male,15.244.7.11
168,Kerk,Lambie,klambie4n@360.cn,Male,232.54.78.247
169,Myles,Blei,mblei4o@admin.ch,Male,42.12.174.227
170,Reilly,Kincla,rkincla4p@cnbc.com,Male,116.39.244.147
171,Damara,Lanfranchi,dlanfranchi4q@ftc.gov,Female,160.230.20.73
172,Iain,Backhurst,ibackhurst4r@imageshack.us,Male,26.91.207.67
173,Karlie,Yearron,kyearron4s@digg.com,Polygender,138.132.33.46
174,Yelena,Lamden,ylamden4t@simplemachines.org,Female,179.152.156.96
175,Merwin,Andre,mandre4u@elegantthemes.com,Male,71.75.184.252
176,Kai,Leaning,kleaning4v@stanford.edu,Female,246.182.173.255
177,Baxy,Dowzell,bdowzell4w@storify.com,Male,146.139.155.183
178,Elene,Danilishin,edanilishin4x@plala.or.jp,Female,42.96.25.50
179,Nadeen,Rudledge,nrudledge4y@dot.gov,Female,159.12.83.4
180,Jacquie,Jacmar,jjacmar4z@bigcartel.com,Female,250.185.94.228
181,Conchita,Kinzel,ckinzel50@icq.com,Female,122.243.254.36
182,Lee,Shawl,lshawl51@senate.gov,Male,103.236.221.211
183,Ashia,Mumby,amumby52@wufoo.com,Female,47.157.88.60
184,Lyn,Tebbett,ltebbett53@hatena.ne.jp,Male,13.115.201.189
185,Orella,Jedraszek,ojedraszek54@state.tx.us,Female,180.12.234.41
186,Kip,Jahnel,kjahnel55@weebly.com,Non-binary,138.85.90.98
187,Bradan,Sains,bsains56@sciencedaily.com,Polygender,149.144.9.165
188,Wilmette,Touhig,wtouhig57@wordpress.org,Female,246.182.168.0
189,Theobald,Creagh,tcreagh58@hc360.com,Male,158.191.25.135
190,Wilek,Ziemen,wziemen59@seattletimes.com,Male,9.221.82.3
191,Sutherland,Dolman,sdolman5a@posterous.com,Male,206.122.143.86
192,Bale,Smeuin,bsmeuin5b@fda.gov,Genderqueer,29.237.178.167
193,Philomena,Hanselman,phanselman5c@bbb.org,Female,110.176.204.147
194,Hogan,Exton,hexton5d@163.com,Male,130.84.217.29
195,Alikee,Lombard,alombard5e@google.nl,Female,106.38.36.119
196,Vonni,Wayon,vwayon5f@topsy.com,Female,121.85.177.147
197,Cookie,Taylor,ctaylor5g@alibaba.com,Female,190.228.211.218
198,Talya,Safe,tsafe5h@arizona.edu,Female,109.206.210.227
199,Itch,Shallcrass,ishallcrass5i@miitbeian.gov.cn,Male,141.67.13.238
200,Jessy,Binding,jbinding5j@theatlantic.com,Female,158.205.93.211
201,Gregory,Skyme,gskyme5k@google.com.br,Male,67.85.3.227
202,Pooh,Stapley,pstapley5l@pbs.org,Female,161.245.203.114
203,Bethanne,McFater,bmcfater5m@wsj.com,Female,182.83.4.62
204,Mack,Colleton,mcolleton5n@google.co.uk,Male,158.219.22.81
205,Tailor,Gameson,tgameson5o@ed.gov,Male,88.18.28.243
206,Brinn,Sapshed,bsapshed5p@state.tx.us,Female,246.156.70.220
207,Barnebas,Sloat,bsloat5q@fda.gov,Male,55.157.63.30
208,Katherina,Stetson,kstetson5r@psu.edu,Female,96.224.244.155
209,Shayla,Liddington,sliddington5s@ezinearticles.com,Female,189.121.139.68
210,Barrie,Shiels,bshiels5t@t-online.de,Female,11.41.186.113
211,Binnie,Brosetti,bbrosetti5u@narod.ru,Agender,179.238.37.165
212,Marie,McGeever,mmcgeever5v@reverbnation.com,Female,118.168.124.16
213,Dominick,Stilgo,dstilgo5w@ebay.com,Male,209.198.203.71
214,Illa,Brisbane,ibrisbane5x@foxnews.com,Polygender,233.143.46.175
215,Jesse,Kobieriecki,jkobieriecki5y@state.gov,Genderfluid,34.118.202.74
216,Michelle,Conry,mconry5z@ask.com,Female,133.16.117.89
217,Genna,Selway,gselway60@ed.gov,Female,47.198.251.106
218,Carolynn,Wolfe,cwolfe61@wikia.com,Female,62.57.2.59
219,Charmion,Kenaway,ckenaway62@yolasite.com,Female,148.198.230.14
220,Philippa,Truckell,ptruckell63@about.com,Female,207.191.135.57
221,Saxe,Grinter,sgrinter64@chronoengine.com,Male,153.100.148.248
222,Cristiano,Menear,cmenear65@cornell.edu,Non-binary,149.126.119.11
223,Berna,Innott,binnott66@blog.com,Non-binary,8.139.172.187
224,Onofredo,Cockaday,ocockaday67@un.org,Male,200.182.68.201
225,Ahmed,Arnald,aarnald68@elpais.com,Male,174.51.162.117
226,Cloe,Jenny,cjenny69@topsy.com,Female,52.192.34.249
227,Romain,Kurtis,rkurtis6a@skype.com,Male,236.23.73.229
228,Pattie,Kiln,pkiln6b@toplist.cz,Female,43.91.196.247
229,Emmalynn,Perel,eperel6c@simplemachines.org,Female,175.194.235.150
230,Dyana,Yegorovnin,dyegorovnin6d@biblegateway.com,Female,105.238.231.96
231,Randolph,Haysham,rhaysham6e@cpanel.net,Male,201.145.197.24
232,Eleonora,Mucklo,emucklo6f@i2i.jp,Polygender,97.71.226.26
233,Elka,D'Onise,edonise6g@themeforest.net,Female,214.251.214.183
234,Olag,Moens,omoens6h@myspace.com,Male,15.224.158.182
235,Tomaso,Aubray,taubray6i@chron.com,Male,27.119.129.191
236,Delbert,Alford,dalford6j@imdb.com,Male,5.58.53.238
237,Gunter,Burne,gburne6k@sina.com.cn,Male,18.141.211.139
238,Madonna,Dumsday,mdumsday6l@csmonitor.com,Female,66.93.197.227
239,Sven,Lewinton,slewinton6m@ed.gov,Male,48.231.195.209
240,Sonnnie,Troker,stroker6n@php.net,Female,53.101.50.57
241,Brendis,Gisburn,bgisburn6o@csmonitor.com,Male,230.132.18.75
242,Harman,Franks,hfranks6p@moonfruit.com,Male,68.22.232.42
243,Bruis,Austick,baustick6q@w3.org,Male,220.88.204.170
244,Portia,Catterson,pcatterson6r@google.com.au,Female,57.94.63.249
245,Giles,Doret,gdoret6s@forbes.com,Male,129.173.6.107
246,Ira,Brabon,ibrabon6t@webeden.co.uk,Female,148.224.206.31
247,Jackquelin,Form,jform6u@example.com,Female,218.220.154.161
248,Linda,Tarplee,ltarplee6v@amazon.co.jp,Bigender,68.233.132.97
249,Hurleigh,Corneil,hcorneil6w@drupal.org,Male,218.38.185.26
250,Kennedy,Sidnall,ksidnall6x@discovery.com,Polygender,61.242.251.212
251,Lemar,Danielsohn,ldanielsohn6y@infoseek.co.jp,Male,255.223.161.52
252,Lorenza,Bruinsma,lbruinsma6z@sitemeter.com,Female,187.79.73.84
253,Clerc,Merry,cmerry70@bravesites.com,Male,123.66.154.30
254,Lenore,Stonehewer,lstonehewer71@usatoday.com,Female,196.26.253.21
255,Maddy,Kadar,mkadar72@vimeo.com,Female,206.102.137.72
256,Gris,Dowker,gdowker73@skype.com,Male,32.83.24.147
257,Currey,Branston,cbranston74@techcrunch.com,Male,215.226.44.147
258,Marta,Burgwyn,mburgwyn75@msn.com,Female,83.72.165.140
259,Marris,Andrejs,mandrejs76@tmall.com,Female,95.239.38.202
260,Lesly,McGarrity,lmcgarrity77@cbslocal.com,Female,38.230.103.123
261,Hester,Norcliffe,hnorcliffe78@chron.com,Female,21.22.133.157
262,Gav,Mintoft,gmintoft79@icio.us,Male,241.202.86.208
263,Farly,Givens,fgivens7a@nps.gov,Male,220.113.127.134
264,Katrine,Stratley,kstratley7b@blogger.com,Female,63.63.61.50
265,Binky,Blackbourn,bblackbourn7c@about.com,Male,95.198.112.134
266,Amble,Bavister,abavister7d@bigcartel.com,Male,103.35.132.101
267,Analiese,Trevithick,atrevithick7e@seesaa.net,Female,226.141.113.252
268,Doug,Chessell,dchessell7f@1688.com,Male,244.233.25.3
269,Zack,Kidman,zkidman7g@tripod.com,Male,60.242.156.87
270,Dennison,Paxeford,dpaxeford7h@about.com,Male,148.101.56.130
271,Christan,Motto,cmotto7i@shareasale.com,Female,183.79.209.22
272,Danielle,Robilart,drobilart7j@odnoklassniki.ru,Female,227.238.151.230
273,Chariot,Scanlan,cscanlan7k@go.com,Male,37.221.239.94
274,Catina,Lowey,clowey7l@cyberchimps.com,Non-binary,203.46.164.99
275,Ariadne,Kield,akield7m@imageshack.us,Female,162.184.182.114
276,Conni,Smellie,csmellie7n@theguardian.com,Female,79.207.220.208
277,Felice,Ormistone,formistone7o@geocities.jp,Female,27.198.122.49
278,Willow,Petasch,wpetasch7p@nhs.uk,Female,187.185.191.82
279,Carolina,Grolmann,cgrolmann7q@ning.com,Female,5.172.94.129
280,Lynn,Dunsire,ldunsire7r@microsoft.com,Female,37.136.71.206
281,Kassey,Ayliffe,kayliffe7s@marriott.com,Female,216.233.63.115
282,Aeriel,Bransby,abransby7t@gov.uk,Female,209.231.95.79
283,Lacey,McCarroll,lmccarroll7u@sciencedirect.com,Female,88.136.241.158
284,Stevana,Cuttell,scuttell7v@merriam-webster.com,Female,250.162.112.193
285,Vite,Grasha,vgrasha7w@over-blog.com,Male,204.35.50.221
286,Dimitry,Culley,dculley7x@jiathis.com,Genderqueer,210.177.193.229
287,Alanna,Sandyford,asandyford7y@de.vu,Female,44.125.135.184
288,Rinaldo,Collins,rcollins7z@jalbum.net,Male,12.244.38.118
289,Annabell,Stiant,astiant80@tiny.cc,Female,151.81.121.43
290,Kiley,Scales,kscales81@deliciousdays.com,Female,93.197.80.44
291,Tyler,O' Dornan,todornan82@xrea.com,Male,56.76.74.70
292,Carena,Oade,coade83@ihg.com,Female,4.174.253.200
293,Butch,Lowry,blowry84@europa.eu,Male,95.255.237.21
294,Austen,McCrann,amccrann85@flickr.com,Male,142.51.19.255
295,Lisle,Ivanyushin,livanyushin86@ucla.edu,Male,34.126.185.18
296,Eric,Reedyhough,ereedyhough87@state.gov,Male,148.139.143.42
297,Pat,Fuster,pfuster88@nih.gov,Male,237.250.102.90
298,Stafani,Byforth,sbyforth89@i2i.jp,Female,14.58.31.236
299,Barbabas,Philp,bphilp8a@cam.ac.uk,Male,135.161.66.39
300,Stirling,Towse,stowse8b@imgur.com,Male,154.53.178.99
301,Derry,Louche,dlouche8c@tumblr.com,Male,213.104.207.52
302,Greer,Eva,geva8d@businesswire.com,Female,179.255.37.188
303,Mozes,Matchett,mmatchett8e@sohu.com,Male,106.72.141.77
304,Lay,Musgrove,lmusgrove8f@sun.com,Male,241.208.186.145
305,Viva,Rowland,vrowland8g@washington.edu,Polygender,233.162.205.246
306,Sydney,Lamcken,slamcken8h@yolasite.com,Female,74.95.216.138
307,Priscella,Grimwade,pgrimwade8i@biblegateway.com,Female,103.186.132.100
308,Curran,Kreutzer,ckreutzer8j@chron.com,Male,148.172.55.52
309,Kristyn,Hastwall,khastwall8k@webeden.co.uk,Female,88.50.234.74
310,Letti,Lillicrap,llillicrap8l@opensource.org,Female,72.246.84.221
311,Zara,Arran,zarran8m@123-reg.co.uk,Female,214.154.87.63
312,Fletch,Bengough,fbengough8n@arizona.edu,Male,154.67.20.148
313,Daisy,Morhall,dmorhall8o@ibm.com,Female,148.236.216.145
314,Kerwin,Barnet,kbarnet8p@taobao.com,Male,117.59.64.80
315,Erhart,Albisser,ealbisser8q@wikimedia.org,Male,191.66.235.34
316,Kelcey,Breedy,kbreedy8r@omniture.com,Female,222.46.225.51
317,Josie,Swait,jswait8s@youku.com,Female,150.215.216.203
318,Cindelyn,Mattsson,cmattsson8t@icq.com,Female,81.153.75.228
319,Regine,Johansson,rjohansson8u@freewebs.com,Female,250.67.83.210
320,Bordy,Mulrean,bmulrean8v@google.com.hk,Male,32.58.12.116
321,Nannette,Liffey,nliffey8w@ted.com,Female,33.105.238.5
322,Camey,Adiscot,cadiscot8x@xrea.com,Male,233.196.223.28
323,Jo-anne,Margerrison,jmargerrison8y@miibeian.gov.cn,Female,124.80.168.76
324,Hillard,Findley,hfindley8z@aol.com,Male,153.205.202.7
325,Sephira,Dowdney,sdowdney90@about.me,Female,202.40.44.241
326,Edee,Tatteshall,etatteshall91@sciencedaily.com,Female,22.190.48.185
327,Micheil,O'Loughnan,moloughnan92@canalblog.com,Male,2.64.224.91
328,Ardene,Fulker,afulker93@i2i.jp,Female,163.239.112.44
329,Ailyn,Jagielski,ajagielski94@craigslist.org,Female,137.229.251.213
330,Jordan,Mahony,jmahony95@examiner.com,Female,30.245.97.48
331,Daryl,Selbie,dselbie96@furl.net,Female,70.253.72.251
332,Boony,Barnshaw,bbarnshaw97@goo.gl,Male,44.182.216.70
333,Simona,Kaliszewski,skaliszewski98@trellian.com,Female,73.150.90.71
334,Darsey,Fraine,dfraine99@feedburner.com,Female,251.140.95.5
335,Sidnee,Lumsdale,slumsdale9a@edublogs.org,Male,225.106.186.131
336,Eugine,Gatchell,egatchell9b@weather.com,Female,91.14.62.4
337,Estel,Calveley,ecalveley9c@hp.com,Female,82.187.194.108
338,Zuzana,Knutton,zknutton9d@cnn.com,Genderqueer,40.169.227.185
339,Jerry,De Giorgio,jdegiorgio9e@tripod.com,Male,74.133.60.249
340,Adrianne,Simonnot,asimonnot9f@usatoday.com,Female,177.99.50.219
341,Sherilyn,Delap,sdelap9g@imdb.com,Female,59.24.120.18
342,Cristie,Bruniges,cbruniges9h@mashable.com,Polygender,102.14.180.250
343,Agathe,Fleisch,afleisch9i@rediff.com,Female,209.89.32.156
344,Jeremie,Ower,jower9j@edublogs.org,Male,3.20.108.110
345,Harwell,Calafate,hcalafate9k@apple.com,Male,91.158.13.3
346,Homere,Dobbs,hdobbs9l@twitpic.com,Male,254.29.238.12
347,Glynn,Tapner,gtapner9m@tumblr.com,Male,24.13.255.108
348,Christel,Woodfield,cwoodfield9n@noaa.gov,Female,100.215.149.61
349,Davita,Dunbobin,ddunbobin9o@google.fr,Female,196.161.73.88
350,Care,Labram,clabram9p@upenn.edu,Male,11.217.61.166
351,Yettie,Comberbach,ycomberbach9q@archive.org,Female,44.158.200.69
352,Kacie,Ive,kive9r@businessinsider.com,Female,32.170.216.31
353,Bondy,Petren,bpetren9s@mayoclinic.com,Male,222.64.80.91
354,Benoit,Reucastle,breucastle9t@cafepress.com,Male,45.211.143.172
355,Izabel,Livesey,ilivesey9u@google.co.jp,Female,202.227.103.249
356,Odell,Archbell,oarchbell9v@buzzfeed.com,Male,2.204.218.168
357,Far,Gery,fgery9w@telegraph.co.uk,Male,147.134.207.44
358,Hillary,Fisby,hfisby9x@senate.gov,Male,213.116.253.4
359,Ricki,Daton,rdaton9y@hhs.gov,Female,40.51.128.173
360,Peggy,Sturgess,psturgess9z@apache.org,Female,235.106.62.175
361,Levey,Langhorne,llanghornea0@w3.org,Male,115.88.230.222
362,Ibbie,Casol,icasola1@ovh.net,Female,32.227.158.153
363,Rubie,Blazi,rblazia2@imageshack.us,Female,247.134.156.8
364,Phil,Favill,pfavilla3@mediafire.com,Male,89.68.82.27
365,Reggie,Meenehan,rmeenehana4@va.gov,Female,213.218.27.96
366,Olympia,Colhoun,ocolhouna5@diigo.com,Female,70.2.220.68
367,Bartolomeo,Larver,blarvera6@qq.com,Male,184.14.238.175
368,Ferne,Chillingworth,fchillingwortha7@rakuten.co.jp,Female,25.150.89.200
369,Valma,Petruska,vpetruskaa8@java.com,Female,102.220.114.161
370,Sonnie,Massei,smasseia9@cocolog-nifty.com,Male,49.202.116.153
371,Garrick,Domniney,gdomnineyaa@webeden.co.uk,Male,131.201.9.188
372,Teresa,Brodeau,tbrodeauab@lycos.com,Female,121.218.183.106
373,Catina,MacDonnell,cmacdonnellac@com.com,Female,92.169.88.235
374,Jorry,Berridge,jberridgead@ezinearticles.com,Polygender,144.253.242.237
375,Parke,Sked,pskedae@behance.net,Male,156.136.219.131
376,Keslie,Hallen,khallenaf@soup.io,Female,15.69.213.169
377,Renee,Ramsdell,rramsdellag@skype.com,Female,246.153.66.85
378,Baillie,Parsand,bparsandah@moonfruit.com,Male,248.128.245.216
379,Weber,Soonhouse,wsoonhouseai@diigo.com,Male,18.67.61.98
380,Cy,Dosedale,cdosedaleaj@opensource.org,Male,112.105.174.101
381,Brear,Joslow,bjoslowak@rakuten.co.jp,Female,62.247.128.0
382,Wylma,Aleixo,waleixoal@prlog.org,Female,83.140.190.48
383,Xena,Isgate,xisgateam@bandcamp.com,Female,102.3.217.15
384,Mommy,Findlay,mfindlayan@stumbleupon.com,Agender,171.249.248.175
385,Svend,O' Byrne,sobyrneao@bizjournals.com,Male,240.144.220.113
386,Wolfgang,Gullane,wgullaneap@answers.com,Male,51.142.245.156
387,Audry,Linke,alinkeaq@weather.com,Female,214.148.169.55
388,Nedi,Fowls,nfowlsar@wikipedia.org,Genderqueer,173.1.65.112
389,Almeta,Stansbury,astansburyas@house.gov,Female,39.242.20.185
390,Daron,Hrinchenko,dhrinchenkoat@github.io,Agender,132.54.210.9
391,Sheilakathryn,Everingham,severinghamau@wix.com,Agender,195.16.47.214
392,Avrit,McDugal,amcdugalav@ucla.edu,Female,170.132.55.153
393,Birdie,Parlet,bparletaw@abc.net.au,Female,10.98.185.192
394,Valeria,Glowach,vglowachax@altervista.org,Female,43.210.68.211
395,Panchito,Charer,pchareray@dion.ne.jp,Male,241.202.248.110
396,Rickert,Wheal,rwhealaz@com.com,Male,200.235.248.134
397,Leyla,Petchey,lpetcheyb0@dropbox.com,Female,119.168.118.193
398,Axel,Kells,akellsb1@people.com.cn,Male,198.16.194.108
399,Mildrid,Singh,msinghb2@hao123.com,Female,33.218.119.242
400,Tripp,Chaldecott,tchaldecottb3@wix.com,Male,44.230.114.104
401,Raimundo,Luker,rlukerb4@cam.ac.uk,Male,7.169.95.202
402,Abie,Napoleone,anapoleoneb5@rakuten.co.jp,Genderqueer,78.51.174.137
403,Connie,Izakov,cizakovb6@telegraph.co.uk,Male,249.166.214.4
404,Isidora,Haster,ihasterb7@theglobeandmail.com,Female,246.43.206.158
405,Jobye,Chominski,jchominskib8@list-manage.com,Female,139.95.88.14
406,Hedvig,Daintry,hdaintryb9@drupal.org,Female,10.83.105.107
407,Kaiser,Sunman,ksunmanba@shop-pro.jp,Male,97.83.163.104
408,Spenser,Hymer,shymerbb@ycombinator.com,Male,197.18.155.113
409,Krisha,Drakeford,kdrakefordbc@elegantthemes.com,Male,235.87.46.169
410,Kaspar,Dumini,kduminibd@uiuc.edu,Male,74.202.170.192
411,Ansel,Bicheno,abichenobe@creativecommons.org,Male,203.162.95.200
412,Rowe,Tofanini,rtofaninibf@sourceforge.net,Female,243.120.132.184
413,Colman,Reardon,creardonbg@amazon.co.jp,Male,153.117.28.137
414,Nina,Forgan,nforganbh@list-manage.com,Female,216.53.144.5
415,Merrick,Flecknoe,mflecknoebi@admin.ch,Bigender,219.76.63.159
416,Marleah,Denacamp,mdenacampbj@rakuten.co.jp,Female,45.193.226.22
417,Arvie,Ahren,aahrenbk@meetup.com,Male,124.200.79.123
418,Tatum,Sitford,tsitfordbl@dell.com,Female,142.115.119.6
419,Rhonda,Birkbeck,rbirkbeckbm@reference.com,Female,162.16.207.110
420,Rafa,Braithwaite,rbraithwaitebn@si.edu,Female,190.30.145.241
421,Josselyn,Easton,jeastonbo@wikimedia.org,Female,93.1.43.182
422,Keriann,Heugh,kheughbp@netlog.com,Female,133.215.199.110
423,Keen,Goldes,kgoldesbq@alibaba.com,Male,228.46.12.176
424,Law,Cleaton,lcleatonbr@devhub.com,Male,196.216.66.235
425,Wilmette,McIlmorow,wmcilmorowbs@godaddy.com,Female,239.9.102.252
426,Pennie,Macek,pmacekbt@theguardian.com,Male,120.183.155.40
427,Bealle,Maher,bmaherbu@indiegogo.com,Male,31.89.120.159
428,Alleyn,Risso,arissobv@e-recht24.de,Male,124.90.165.185
429,Larry,Lownes,llownesbw@epa.gov,Male,220.63.218.131
430,Riannon,Tease,rteasebx@stumbleupon.com,Female,59.76.244.66
431,Felizio,Hache,fhacheby@jugem.jp,Male,49.248.96.106
432,Alessandra,Paul,apaulbz@netscape.com,Female,141.4.23.163
433,Amble,Belsham,abelshamc0@phoca.cz,Male,22.56.57.91
434,Rebbecca,Pingstone,rpingstonec1@va.gov,Female,133.91.189.7
435,Clarissa,Coronado,ccoronadoc2@tuttocitta.it,Female,172.173.220.47
436,Belvia,Santus,bsantusc3@dedecms.com,Female,0.62.80.146
437,Tarrance,Reilly,treillyc4@com.com,Male,84.8.152.94
438,Jefferey,Malden,jmaldenc5@engadget.com,Agender,126.50.139.106
439,Sauncho,Safe,ssafec6@storify.com,Male,7.59.145.152
440,Poppy,Aasaf,paasafc7@ebay.com,Female,123.226.165.199
441,Pietro,Stopforth,pstopforthc8@gmpg.org,Male,33.131.247.254
442,Morgen,Cestard,mcestardc9@tinypic.com,Male,74.25.199.147
443,Christiane,Bettenay,cbettenayca@prlog.org,Female,154.48.179.16
444,Alejandra,Bish,abishcb@earthlink.net,Female,40.100.248.165
445,Mathias,Manterfield,mmanterfieldcc@wired.com,Genderfluid,54.92.113.164
446,Cass,Airds,cairdscd@histats.com,Female,166.16.2.73
447,Stan,Flux,sfluxce@cdc.gov,Male,61.35.253.116
448,Phylys,Wilfinger,pwilfingercf@army.mil,Female,171.159.174.216
449,Ninnette,Woolland,nwoollandcg@sphinn.com,Female,22.145.133.194
450,Glenden,Du Barry,gdubarrych@netlog.com,Male,109.118.181.49
451,Rozalie,Benda,rbendaci@guardian.co.uk,Female,226.65.180.139
452,Wilmette,Haycroft,whaycroftcj@pinterest.com,Female,138.31.98.102
453,Neilla,Arlet,narletck@instagram.com,Female,121.88.178.111
454,Sheila,Heffer,sheffercl@com.com,Female,224.220.72.14
455,Alexandra,Birtwistle,abirtwistlecm@surveymonkey.com,Female,232.214.193.236
456,Pennie,Mc Gaughey,pmcgaugheycn@miibeian.gov.cn,Male,203.178.43.101
457,Tabor,Minnis,tminnisco@youku.com,Male,168.15.252.43
458,Aggi,Dockree,adockreecp@zimbio.com,Female,36.0.152.28
459,Cirilo,Hynam,chynamcq@google.ru,Male,119.64.140.135
460,Alida,Isaaksohn,aisaaksohncr@unc.edu,Female,255.56.65.0
461,Ashleigh,MacKay,amackaycs@bluehost.com,Female,214.8.18.23
462,Cyndi,Bittany,cbittanyct@indiatimes.com,Genderqueer,94.124.233.233
463,Deny,Arstall,darstallcu@yahoo.com,Female,230.99.113.248
464,Caspar,Extal,cextalcv@mayoclinic.com,Male,225.109.26.217
465,Myriam,Lunbech,mlunbechcw@senate.gov,Female,87.58.11.229
466,Ruprecht,Pfaff,rpfaffcx@kickstarter.com,Male,205.14.13.3
467,Hy,Unstead,hunsteadcy@squidoo.com,Male,59.217.162.2
468,Maynard,Broughton,mbroughtoncz@bizjournals.com,Male,234.8.152.176
469,Margit,Denton,mdentond0@utexas.edu,Female,105.135.19.188
470,Washington,O'Dreain,wodreaind1@wp.com,Male,83.42.165.161
471,Worthy,Nowland,wnowlandd2@hhs.gov,Male,225.229.94.164
472,Marie-jeanne,Giovanazzi,mgiovanazzid3@comcast.net,Female,154.206.132.63
473,Rubia,Angerstein,rangersteind4@discuz.net,Female,14.29.31.180
474,Devondra,Burgill,dburgilld5@chron.com,Female,201.203.152.252
475,Raynell,Clayill,rclayilld6@plala.or.jp,Female,49.89.172.177
476,Kane,Hamnett,khamnettd7@prnewswire.com,Male,22.88.240.242
477,Kearney,Charte,kcharted8@sbwire.com,Male,69.52.9.187
478,Gretal,Roach,groachd9@etsy.com,Female,189.94.166.243
479,Elton,Grannell,egrannellda@squidoo.com,Male,173.129.127.227
480,Stinky,Huggon,shuggondb@taobao.com,Male,210.72.127.114
481,Rustie,Chasles,rchaslesdc@wikimedia.org,Male,114.100.206.61
482,Davina,Yesipov,dyesipovdd@admin.ch,Female,207.154.9.203
483,Melissa,Brito,mbritode@arizona.edu,Female,16.167.215.194
484,Ronnie,Longford,rlongforddf@senate.gov,Female,234.164.136.13
485,Catie,Jammet,cjammetdg@senate.gov,Female,93.227.214.131
486,Desiree,Growcott,dgrowcottdh@vistaprint.com,Female,97.16.237.164
487,Stafani,Boyer,sboyerdi@princeton.edu,Female,86.209.62.5
488,Derk,De Andisie,ddeandisiedj@google.com.hk,Male,230.134.217.176
489,Jillian,Josefson,jjosefsondk@dell.com,Female,6.198.221.58
490,Mollee,Black,mblackdl@blinklist.com,Female,93.196.159.18
491,Damian,Baughn,dbaughndm@sakura.ne.jp,Male,159.45.168.64
492,Alejandro,Schurig,aschurigdn@pinterest.com,Male,13.230.205.120
493,Harper,Flather,hflatherdo@amazon.de,Genderqueer,75.137.54.10
494,Rufus,Renehan,rrenehandp@diigo.com,Male,88.85.108.136
495,Reeta,Routh,rrouthdq@sakura.ne.jp,Genderqueer,83.72.64.121
496,Lina,Lorkings,llorkingsdr@disqus.com,Female,216.201.124.242
497,Lyndsie,Lanning,llanningds@alexa.com,Female,178.192.161.8
498,Izabel,Grunbaum,igrunbaumdt@globo.com,Female,103.195.43.47
499,Hillier,Cale,hcaledu@accuweather.com,Male,234.123.239.61
500,Klement,Broadstock,kbroadstockdv@redcross.org,Male,55.159.28.179
501,Aubrey,Paul,apauldw@thetimes.co.uk,Female,189.218.49.88
502,Dona,Bordone,dbordonedx@mapquest.com,Female,167.43.158.197
503,Angelita,Jurca,ajurcady@mediafire.com,Female,119.226.108.252
504,Giovanni,Guage,gguagedz@sourceforge.net,Male,202.171.75.152
505,Kerrill,Mossom,kmossome0@phoca.cz,Female,221.191.29.198
506,Melantha,Calton,mcaltone1@businessinsider.com,Female,134.109.170.233
507,Farlie,Daubeny,fdaubenye2@soundcloud.com,Male,196.237.168.51
508,Worthy,Sugge,wsuggee3@bing.com,Male,25.40.147.64
509,Cody,Hovenden,chovendene4@wix.com,Male,200.159.16.81
510,Ronalda,Dossit,rdossite5@github.com,Female,197.230.62.26
511,Desi,Alleburton,dalleburtone6@ehow.com,Male,59.204.198.173
512,Saloma,Mitchard,smitcharde7@google.pl,Female,117.43.125.64
513,Enrichetta,Woodcraft,ewoodcrafte8@meetup.com,Female,52.57.143.245
514,Jan,McCann,jmccanne9@amazon.com,Female,7.210.158.57
515,Vincenty,Manach,vmanachea@mac.com,Male,245.130.0.54
516,Saunderson,Tinwell,stinwelleb@symantec.com,Male,142.165.51.201
517,Vinny,McComiskie,vmccomiskieec@netscape.com,Male,219.37.195.48
518,Gillie,Cush,gcushed@taobao.com,Female,87.205.84.136
519,Thaxter,Geibel,tgeibelee@bloglines.com,Male,104.8.71.0
520,Obadias,Wilfing,owilfingef@newyorker.com,Male,34.28.156.108
521,Neely,Spinnace,nspinnaceeg@pinterest.com,Female,173.253.185.60
522,Sophie,Knott,sknotteh@google.com.au,Female,4.20.17.239
523,Anselm,Cham,achamei@ucsd.edu,Male,163.210.16.191
524,Phillipe,Wharin,pwharinej@ca.gov,Male,78.36.30.168
525,Verene,Gislebert,vgislebertek@mashable.com,Female,41.69.125.240
526,Toddy,Akitt,takittel@icq.com,Male,251.187.122.248
527,Marcie,Royds,mroydsem@state.gov,Female,239.184.11.137
528,Hyacinthia,Jeannaud,hjeannauden@creativecommons.org,Female,20.152.162.141
529,Shurlock,Dooly,sdoolyeo@tinyurl.com,Male,28.217.77.227
530,Mallissa,Edden,meddenep@earthlink.net,Female,54.179.232.230
531,Leodora,Alesio,lalesioeq@w3.org,Female,161.163.185.169
532,Mikel,Pudan,mpudaner@hugedomains.com,Male,148.194.233.73
533,Querida,Penquet,qpenquetes@wix.com,Bigender,131.52.38.206
534,Olia,Yell,oyellet@imdb.com,Female,254.233.171.160
535,Cesaro,Rioch,criocheu@theguardian.com,Male,162.204.79.140
536,Dulcie,Mapston,dmapstonev@canalblog.com,Female,62.31.183.111
537,Helli,Johl,hjohlew@irs.gov,Female,77.139.16.156
538,Kathryn,Caramuscia,kcaramusciaex@hostgator.com,Female,212.70.91.10
539,Nanni,Collelton,ncolleltoney@php.net,Female,183.187.102.95
540,Aile,McCarry,amccarryez@bloglines.com,Female,167.250.220.53
541,Alfonso,Iley,aileyf0@disqus.com,Male,139.105.58.159
542,Dewey,Hamley,dhamleyf1@blog.com,Male,183.142.139.151
543,Ronald,Brugemann,rbrugemannf2@cnn.com,Male,178.250.79.15
544,Arleyne,Trahar,atraharf3@artisteer.com,Agender,183.99.8.120
545,Ian,Tofanini,itofaninif4@google.com.br,Genderqueer,67.151.69.242
546,Tobie,Looney,tlooneyf5@tumblr.com,Male,235.133.203.158
547,Wileen,Louiset,wlouisetf6@chronoengine.com,Female,14.205.146.37
548,Cletus,Versey,cverseyf7@businessweek.com,Bigender,145.15.189.174
549,Corliss,Entres,centresf8@buzzfeed.com,Female,173.53.136.23
550,Matthus,Arno,marnof9@gov.uk,Male,32.126.145.139
551,Randal,Sore,rsorefa@macromedia.com,Male,77.63.97.8
552,Alisander,Solon,asolonfb@symantec.com,Male,74.68.214.148
553,Minne,Points,mpointsfc@hud.gov,Female,203.63.53.182
554,Rhett,Pace,rpacefd@taobao.com,Male,173.87.28.149
555,Judd,Bayle,jbaylefe@howstuffworks.com,Male,85.171.100.17
556,Kevin,Gabites,kgabitesff@51.la,Male,25.19.98.72
557,Chevalier,Bille,cbillefg@sakura.ne.jp,Male,115.140.189.93
558,Waring,Luckey,wluckeyfh@go.com,Male,146.255.14.229
559,Zuzana,O'Haire,zohairefi@chicagotribune.com,Female,30.188.65.27
560,Tanny,Bidewell,tbidewellfj@example.com,Male,172.119.77.169
561,Edmon,Hawler,ehawlerfk@themeforest.net,Male,17.42.241.127
562,Georgina,Margerison,gmargerisonfl@nps.gov,Female,122.51.180.171
563,Asia,Bossel,abosselfm@tiny.cc,Female,139.190.244.86
564,Tonie,Dryden,tdrydenfn@bbc.co.uk,Female,118.222.62.92
565,Jecho,Minguet,jminguetfo@wikimedia.org,Male,203.221.142.107
566,Katuscha,Gounet,kgounetfp@guardian.co.uk,Female,110.33.63.31
567,Randie,Kybert,rkybertfq@ibm.com,Female,131.199.206.192
568,Anne,Hubbert,ahubbertfr@ameblo.jp,Female,89.32.38.244
569,Siegfried,Loyns,sloynsfs@rambler.ru,Male,137.157.216.168
570,Lucho,Strauss,lstraussft@trellian.com,Male,237.251.123.12
571,Bev,Janodet,bjanodetfu@seattletimes.com,Male,129.11.86.19
572,Kylila,Verbruggen,kverbruggenfv@guardian.co.uk,Female,126.117.63.133
573,Gloria,Nail,gnailfw@1und1.de,Female,224.236.138.60
574,Blaire,Kachel,bkachelfx@arizona.edu,Female,136.61.55.100
575,Velvet,Camsey,vcamseyfy@irs.gov,Female,201.92.173.235
576,Gunter,Vassel,gvasselfz@flavors.me,Male,77.0.50.96
577,Gwenni,Arbuckel,garbuckelg0@yellowpages.com,Female,45.159.224.40
578,Bonnibelle,Marskell,bmarskellg1@patch.com,Female,19.76.114.27
579,Elspeth,Brunon,ebrunong2@altervista.org,Female,184.242.88.25
580,Starr,Elfes,selfesg3@yandex.ru,Genderqueer,89.107.2.128
581,Darda,Korpal,dkorpalg4@bbb.org,Female,22.102.190.48
582,Clayson,Hierro,chierrog5@flavors.me,Male,92.58.8.100
583,Tadeas,Ledekker,tledekkerg6@elpais.com,Male,248.105.163.134
584,Corine,Mumby,cmumbyg7@comsenz.com,Female,113.148.214.1
585,Mollee,Ealden,mealdeng8@canalblog.com,Genderfluid,105.233.53.175
586,Rolph,Pinnocke,rpinnockeg9@diigo.com,Male,131.26.245.127
587,Janey,Fooks,jfooksga@canalblog.com,Female,149.247.58.25
588,Fred,Darinton,fdarintongb@upenn.edu,Female,24.172.98.125
589,Sherill,Dossettor,sdossettorgc@w3.org,Female,209.159.253.174
590,Paul,Littlecote,plittlecotegd@xrea.com,Male,112.73.13.32
591,Kalle,Thews,kthewsge@fastcompany.com,Male,238.104.234.161
592,Hubie,Walwood,hwalwoodgf@thetimes.co.uk,Male,17.14.245.92
593,Sheeree,Krzysztof,skrzysztofgg@hc360.com,Female,26.40.120.199
594,Ginnifer,Haycraft,ghaycraftgh@live.com,Female,166.213.131.18
595,Rebeka,McVaugh,rmcvaughgi@scribd.com,Female,141.223.185.211
596,Gay,Delamar,gdelamargj@devhub.com,Male,10.157.68.225
597,Florentia,Gunton,fguntongk@usda.gov,Female,169.6.6.205
598,Nevile,Heijne,nheijnegl@usgs.gov,Male,179.193.37.249
599,Mitchell,Yantsurev,myantsurevgm@slashdot.org,Non-binary,6.54.162.24
600,Graeme,McGuane,gmcguanegn@cyberchimps.com,Male,119.205.38.75
601,Brianna,Barfoot,bbarfootgo@google.nl,Female,74.47.12.254
602,Benji,Pylkynyton,bpylkynytongp@cam.ac.uk,Male,99.60.102.198
603,Sampson,Antusch,santuschgq@soup.io,Male,38.179.155.131
604,Martguerita,Marcq,mmarcqgr@wordpress.org,Female,46.226.204.43
605,Gianina,Buddock,gbuddockgs@hao123.com,Female,145.214.182.222
606,Kermy,Bonallack,kbonallackgt@etsy.com,Male,33.85.237.14
607,Broderick,Smitham,bsmithamgu@answers.com,Male,211.139.132.70
608,Berry,Pablos,bpablosgv@alibaba.com,Female,122.215.25.203
609,Vick,Drife,vdrifegw@networksolutions.com,Male,133.205.139.100
610,Flory,Swinburne,fswinburnegx@umn.edu,Female,6.201.37.17
611,Sven,McCord,smccordgy@weather.com,Male,8.239.181.138
612,Cristabel,Deamer,cdeamergz@cmu.edu,Polygender,19.163.233.118
613,Aylmer,Badwick,abadwickh0@tinypic.com,Male,155.174.132.159
614,Whitaker,Daborne,wdaborneh1@dedecms.com,Genderfluid,234.18.32.11
615,Prinz,Kierans,pkieransh2@domainmarket.com,Male,107.246.20.174
616,Yovonnda,McCook,ymccookh3@si.edu,Female,121.179.247.55
617,Berny,Semerad,bsemeradh4@microsoft.com,Genderqueer,77.186.82.34
618,Carmelle,Parkman,cparkmanh5@zdnet.com,Female,239.203.224.129
619,Layne,Paiton,lpaitonh6@twitpic.com,Genderfluid,192.149.31.46
620,Brigitta,Gunning,bgunningh7@behance.net,Female,77.129.24.118
621,Clarence,Goodsir,cgoodsirh8@theatlantic.com,Male,54.134.162.94
622,Humfried,McCreath,hmccreathh9@pinterest.com,Male,112.131.93.84
623,Vail,Hargess,vhargessha@army.mil,Male,154.149.196.126
624,Karlyn,Dew,kdewhb@parallels.com,Female,19.71.62.225
625,Hanson,Maskrey,hmaskreyhc@goo.ne.jp,Male,26.250.129.166
626,Joann,MacTague,jmactaguehd@apple.com,Female,231.178.140.12
627,Sayres,Pickthorne,spickthornehe@surveymonkey.com,Male,99.136.187.97
628,Agneta,Romera,aromerahf@free.fr,Female,188.142.25.72
629,Karlan,Perview,kperviewhg@jalbum.net,Male,140.11.61.99
630,Janeva,Mingaud,jmingaudhh@wunderground.com,Female,151.95.246.246
631,Scarlet,Vivers,svivershi@irs.gov,Female,25.89.69.147
632,Cosme,Fazan,cfazanhj@sfgate.com,Genderfluid,141.31.120.218
633,Katrinka,Bradder,kbradderhk@foxnews.com,Female,227.232.124.163
634,Arthur,McCrillis,amccrillishl@foxnews.com,Male,102.11.201.57
635,Ozzie,Tunnacliffe,otunnacliffehm@hao123.com,Male,218.154.196.82
636,Theodore,Derrell,tderrellhn@youku.com,Male,185.76.121.207
637,Eward,Pandie,epandieho@liveinternet.ru,Male,33.12.2.172
638,Clement,Putnam,cputnamhp@exblog.jp,Male,84.194.86.152
639,Maureene,Roels,mroelshq@indiatimes.com,Female,231.212.63.188
640,Tyrone,Willerstone,twillerstonehr@webnode.com,Agender,105.196.70.176
641,Salomo,Capini,scapinihs@github.com,Male,147.23.13.214
642,Wit,Tunaclift,wtunacliftht@statcounter.com,Male,103.87.35.252
643,Kevan,Parriss,kparrisshu@thetimes.co.uk,Male,123.245.57.56
644,Tris,Masden,tmasdenhv@cam.ac.uk,Male,95.183.53.178
645,Holt,Kluss,hklusshw@tumblr.com,Male,60.228.188.75
646,Cameron,Bullman,cbullmanhx@gov.uk,Male,182.227.12.40
647,Dredi,Kellard,dkellardhy@ucoz.ru,Polygender,66.12.63.36
648,Clayson,Brandenberg,cbrandenberghz@merriam-webster.com,Male,69.115.60.24
649,Eddi,Korb,ekorbi0@weather.com,Female,88.216.234.99
650,Mattie,Blint,mblinti1@vistaprint.com,Male,198.56.61.62
651,Bridget,Johnke,bjohnkei2@skype.com,Female,18.130.102.191
652,Christye,McDonald,cmcdonaldi3@va.gov,Female,7.175.133.69
653,Wolfy,Nanelli,wnanellii4@wunderground.com,Male,49.19.197.40
654,Cammi,Goudie,cgoudiei5@ucsd.edu,Female,198.86.226.31
655,Elyn,Joliffe,ejoliffei6@timesonline.co.uk,Female,79.27.147.2
656,Boote,Micah,bmicahi7@pcworld.com,Male,219.143.174.160
657,Kacy,Youtead,kyouteadi8@google.com.br,Female,30.50.1.196
658,Urbano,Ceccoli,uceccolii9@wikipedia.org,Male,75.220.87.172
659,Orel,Bragginton,obraggintonia@stumbleupon.com,Female,255.91.182.221
660,Barny,Cannell,bcannellib@tiny.cc,Male,174.243.100.24
661,Hermina,Faichnie,hfaichnieic@phoca.cz,Female,195.111.185.56
662,Ddene,Kieff,dkieffid@nps.gov,Polygender,245.90.14.246
663,Jacqui,Oxborough,joxboroughie@wiley.com,Genderfluid,103.32.172.19
664,Cris,Roby,crobyif@seesaa.net,Male,173.236.30.154
665,Dyann,Goundrill,dgoundrillig@bloglovin.com,Female,89.30.130.192
666,Reube,Tarbatt,rtarbattih@hubpages.com,Male,32.206.4.213
667,Dannie,Reston,drestonii@nyu.edu,Male,83.77.74.188
668,Shelley,Jorczyk,sjorczykij@bluehost.com,Male,216.90.215.200
669,Huey,Hassen,hhassenik@wikispaces.com,Male,59.248.128.132
670,Gertrudis,Loisi,gloisiil@sciencedirect.com,Female,194.65.172.229
671,Arly,Bradnock,abradnockim@spotify.com,Non-binary,164.115.20.245
672,Feodor,McGreil,fmcgreilin@ifeng.com,Male,187.143.120.125
673,Leonidas,Brownscombe,lbrownscombeio@alexa.com,Male,200.15.143.55
674,Monte,Clive,mcliveip@soundcloud.com,Male,18.117.241.126
675,Nye,Spencers,nspencersiq@hao123.com,Male,11.172.5.34
676,Sibylla,Batie,sbatieir@cyberchimps.com,Female,99.179.117.118
677,Myrlene,Maryin,mmaryinis@purevolume.com,Female,138.43.146.224
678,Alair,Edgecombe,aedgecombeit@newsvine.com,Male,229.68.30.24
679,Kass,Kelemen,kkelemeniu@devhub.com,Female,204.107.12.125
680,Obed,Meo,omeoiv@ifeng.com,Male,189.118.58.254
681,Ardine,Earingey,aearingeyiw@biblegateway.com,Female,199.72.96.176
682,Ericha,Schirak,eschirakix@plala.or.jp,Female,214.126.239.167
683,Byron,Critchlow,bcritchlowiy@eepurl.com,Male,156.190.232.217
684,Hoyt,Santi,hsantiiz@sohu.com,Male,112.182.40.91
685,Arnoldo,Drayson,adraysonj0@nsw.gov.au,Agender,208.12.200.2
686,Wayland,Novotni,wnovotnij1@nps.gov,Male,36.238.197.224
687,Leyla,Gillis,lgillisj2@census.gov,Female,32.108.212.112
688,Colver,Fendley,cfendleyj3@homestead.com,Male,182.236.39.8
689,Shanda,Arnson,sarnsonj4@intel.com,Female,165.106.26.139
690,Beatrice,Hills,bhillsj5@amazon.co.uk,Female,42.11.194.174
691,Katuscha,Happer,khapperj6@arizona.edu,Female,7.156.180.42
692,Nico,Breagan,nbreaganj7@youtube.com,Male,2.78.25.113
693,Stanleigh,Forker,sforkerj8@wiley.com,Male,114.12.213.218
694,Lonnie,Geipel,lgeipelj9@lulu.com,Female,251.249.96.240
695,Laurene,Bernardon,lbernardonja@economist.com,Female,190.130.219.108
696,Michaella,Paulet,mpauletjb@desdev.cn,Female,176.39.214.82
697,Gale,MacGruer,gmacgruerjc@tinypic.com,Male,250.195.77.35
698,Derward,Costley,dcostleyjd@bandcamp.com,Male,102.201.49.140
699,Kennett,Gantley,kgantleyje@abc.net.au,Male,15.165.56.31
700,Malissa,Garrow,mgarrowjf@ask.com,Female,30.223.114.152
701,Stearne,Richings,srichingsjg@ehow.com,Male,80.240.165.185
702,Jeana,Matissoff,jmatissoffjh@yellowpages.com,Female,239.192.155.200
703,Aldis,Petyakov,apetyakovji@printfriendly.com,Male,29.30.58.50
704,Janifer,Krysztofowicz,jkrysztofowiczjj@goodreads.com,Female,157.170.4.212
705,Brandy,Dahmel,bdahmeljk@pcworld.com,Female,99.182.97.68
706,Nert,Kelbie,nkelbiejl@google.co.uk,Agender,97.232.251.2
707,Shane,Jell,sjelljm@privacy.gov.au,Female,200.30.90.8
708,Archibold,Davidof,adavidofjn@geocities.jp,Male,228.11.8.108
709,Delia,Swin,dswinjo@oracle.com,Female,71.168.99.219
710,Patrizia,Ulyet,pulyetjp@live.com,Female,55.114.150.87
711,Murielle,Upsale,mupsalejq@addtoany.com,Polygender,156.76.45.119
712,Barbette,Pinchon,bpinchonjr@bing.com,Female,112.24.234.24
713,Halley,Gerrelts,hgerreltsjs@bizjournals.com,Female,165.35.38.99
714,Joyann,Benit,jbenitjt@dyndns.org,Female,128.49.247.71
715,Stanton,Hansod,shansodju@elegantthemes.com,Male,163.88.180.152
716,Rodrigo,Cleminson,rcleminsonjv@hc360.com,Male,114.105.61.54
717,Rochester,Millen,rmillenjw@nba.com,Male,55.249.136.172
718,Ange,Bradnick,abradnickjx@foxnews.com,Female,97.3.231.55
719,Jedd,Conechie,jconechiejy@tripod.com,Male,109.67.15.39
720,Allayne,Luney,aluneyjz@adobe.com,Male,199.194.147.71
721,Ardyth,Grigorio,agrigoriok0@soup.io,Female,91.182.49.171
722,Tildy,Cavet,tcavetk1@jiathis.com,Female,32.160.64.25
723,Desirae,Korba,dkorbak2@wufoo.com,Female,106.6.115.189
724,Susy,Bonny,sbonnyk3@fastcompany.com,Female,42.176.207.159
725,Bucky,Calafate,bcalafatek4@fda.gov,Male,82.27.70.245
726,Lonnie,Sussex,lsussexk5@last.fm,Female,205.163.207.139
727,Vitoria,Wattam,vwattamk6@posterous.com,Female,60.255.80.85
728,Nada,MacGraith,nmacgraithk7@squidoo.com,Female,106.219.229.91
729,Cassius,Wapol,cwapolk8@clickbank.net,Male,129.114.182.213
730,Lise,Espinal,lespinalk9@sfgate.com,Female,118.122.125.129
731,Dottie,Bosdet,dbosdetka@springer.com,Female,209.15.182.85
732,Reilly,Patsall,rpatsallkb@dagondesign.com,Non-binary,46.113.238.202
733,Ham,Kimblin,hkimblinkc@cnet.com,Male,58.28.48.156
734,Lanie,Boundy,lboundykd@amazon.co.uk,Female,145.84.49.100
735,Cal,Alenichicov,calenichicovke@oaic.gov.au,Male,217.136.140.120
736,Nathanial,Tommei,ntommeikf@patch.com,Male,142.47.100.188
737,Viva,Bramhall,vbramhallkg@linkedin.com,Female,95.55.128.166
738,Glynnis,Wadly,gwadlykh@cbslocal.com,Female,32.196.93.241
739,Flss,Franzoli,ffranzoliki@blinklist.com,Female,181.156.140.8
740,Bentley,Sibun,bsibunkj@yahoo.com,Male,57.67.215.101
741,Katine,Hazleton,khazletonkk@hud.gov,Female,124.253.80.125
742,Bastian,Emanuele,bemanuelekl@apple.com,Male,0.234.98.201
743,Sam,Mynard,smynardkm@webnode.com,Genderqueer,234.43.49.55
744,Vassily,Moggach,vmoggachkn@squidoo.com,Male,131.137.163.219
745,Jammie,Lucken,jluckenko@webeden.co.uk,Female,242.31.199.226
746,Shepard,Slowley,sslowleykp@usgs.gov,Male,148.32.137.221
747,Constantia,Hailes,chaileskq@mlb.com,Female,147.201.233.218
748,Arlen,Tysall,atysallkr@businessinsider.com,Female,200.142.185.238
749,Randi,Chaffer,rchafferks@narod.ru,Bigender,122.89.23.83
750,Arvy,Loude,aloudekt@youku.com,Male,200.61.60.81
751,Dacie,Dugdale,ddugdaleku@upenn.edu,Female,160.102.237.129
752,Dyann,Abrashkin,dabrashkinkv@tmall.com,Female,85.168.50.64
753,Kingston,Buessen,kbuessenkw@desdev.cn,Male,113.253.238.208
754,Torey,Lincoln,tlincolnkx@mozilla.com,Female,224.174.204.95
755,Ruby,Kyngdon,rkyngdonky@ed.gov,Male,24.136.44.35
756,Linc,Bridgstock,lbridgstockkz@amazon.com,Male,60.62.19.221
757,Klaus,Torvey,ktorveyl0@cisco.com,Genderfluid,211.1.123.108
758,Hadleigh,Kikke,hkikkel1@oaic.gov.au,Male,129.173.226.208
759,Gardie,Drescher,gdrescherl2@techcrunch.com,Male,33.241.74.6
760,Catie,Georgeot,cgeorgeotl3@mediafire.com,Female,157.122.96.236
761,Law,Tumasian,ltumasianl4@unicef.org,Bigender,166.214.90.211
762,Viv,Wiffill,vwiffilll5@jigsy.com,Female,48.63.66.215
763,Gwenora,McGarva,gmcgarval6@ask.com,Female,54.88.110.106
764,Gordan,Nelson,gnelsonl7@soup.io,Male,155.127.40.3
765,Darcey,McIlwraith,dmcilwraithl8@ycombinator.com,Female,76.198.41.165
766,Zed,Matijevic,zmatijevicl9@com.com,Male,155.83.37.136
767,Kellen,Kingsworth,kkingsworthla@yelp.com,Genderfluid,56.163.98.113
768,Rhodia,Turnell,rturnelllb@webmd.com,Female,164.202.152.31
769,Elsworth,Auguste,eaugustelc@dedecms.com,Male,12.14.28.93
770,Coop,Clapp,cclappld@sourceforge.net,Male,182.121.195.24
771,Marj,Corrie,mcorriele@histats.com,Female,44.157.81.162
772,Rasla,Clarkin,rclarkinlf@techcrunch.com,Female,131.53.197.205
773,Gladi,Leftwich,gleftwichlg@dropbox.com,Female,109.29.200.78
774,Quincey,McTear,qmctearlh@taobao.com,Male,105.47.117.212
775,Milo,Benaine,mbenaineli@tumblr.com,Male,146.107.179.241
776,Melly,O'Noland,monolandlj@oracle.com,Bigender,25.238.164.96
777,Roby,McCarry,rmccarrylk@army.mil,Female,34.42.112.238
778,Shirlene,Gumery,sgumeryll@hostgator.com,Female,197.18.230.211
779,Ianthe,Medlen,imedlenlm@adobe.com,Female,1.131.91.52
780,Traver,Ruseworth,truseworthln@twitpic.com,Male,77.150.93.223
781,Erminia,Jaycocks,ejaycockslo@posterous.com,Female,209.109.28.212
782,Sigismund,Rottery,srotterylp@wikia.com,Male,75.120.34.163
783,Sandye,Fauning,sfauninglq@businessinsider.com,Female,201.141.95.136
784,Jerrilyn,Rosterne,jrosternelr@ihg.com,Female,108.220.240.181
785,Kylie,Feacham,kfeachamls@a8.net,Polygender,240.87.70.93
786,Bride,Bougourd,bbougourdlt@spiegel.de,Female,185.179.57.76
787,Megen,Laurie,mlaurielu@thetimes.co.uk,Female,142.159.10.28
788,Kelsy,Phillippo,kphillippolv@usda.gov,Female,30.96.52.155
789,Jorgan,Croote,jcrootelw@topsy.com,Male,167.178.130.172
790,Normy,Pattinson,npattinsonlx@desdev.cn,Male,104.107.227.13
791,Freddy,Pennells,fpennellsly@sourceforge.net,Female,228.77.55.193
792,Normand,Akroyd,nakroydlz@dropbox.com,Male,250.216.48.84
793,Helaine,Cordall,hcordallm0@state.tx.us,Female,24.219.250.137
794,Harriett,Pauncefort,hpauncefortm1@mozilla.com,Genderfluid,167.19.113.33
795,Shalom,Fache,sfachem2@intel.com,Male,100.195.166.190
796,Wallace,Espinal,wespinalm3@engadget.com,Male,226.146.72.23
797,Rosetta,Ninnis,rninnism4@columbia.edu,Female,79.217.117.0
798,Perle,Ivankov,pivankovm5@wordpress.com,Female,20.70.67.43
799,Chris,Detheridge,cdetheridgem6@goo.gl,Bigender,218.215.51.54
800,Simone,Doble,sdoblem7@bbb.org,Female,4.33.228.154
801,Kelsi,Rikel,krikelm8@technorati.com,Female,177.27.59.250
802,Adora,Antonio,aantoniom9@wufoo.com,Female,13.93.99.151
803,Carlyn,Road,croadma@arstechnica.com,Female,89.199.237.9
804,Hodge,Aggus,haggusmb@irs.gov,Male,153.215.16.94
805,Lorelei,Nind,lnindmc@google.co.jp,Female,187.190.15.152
806,Lotty,Giacobelli,lgiacobellimd@usnews.com,Female,10.184.25.99
807,Cesaro,Geary,cgearyme@taobao.com,Male,201.170.20.97
808,Netta,Bick,nbickmf@tinypic.com,Female,19.38.240.40
809,Alleyn,Brettelle,abrettellemg@amazon.com,Male,147.45.38.98
810,Tadeo,Boliver,tbolivermh@hubpages.com,Male,31.210.165.28
811,Claire,Shone,cshonemi@domainmarket.com,Female,86.78.135.114
812,Orsa,Nani,onanimj@163.com,Female,187.247.145.3
813,Blondie,Caistor,bcaistormk@sohu.com,Female,160.158.89.153
814,Noby,Chalmers,nchalmersml@jalbum.net,Male,166.149.146.215
815,Willyt,Scupham,wscuphammm@desdev.cn,Female,56.205.51.39
816,Danita,Vicary,dvicarymn@so-net.ne.jp,Female,142.127.230.91
817,Josepha,Sey,jseymo@delicious.com,Female,233.170.128.37
818,Dinnie,Starkings,dstarkingsmp@live.com,Female,229.165.47.183
819,Gabriella,Powles,gpowlesmq@jugem.jp,Female,127.38.80.59
820,Artie,Dunderdale,adunderdalemr@baidu.com,Non-binary,141.115.79.99
821,Ennis,Iacavone,eiacavonems@google.de,Agender,255.49.129.228
822,Brandon,Livard,blivardmt@google.com,Male,207.4.149.90
823,Courtney,Pollington,cpollingtonmu@last.fm,Female,190.240.221.96
824,Ahmad,McEniry,amcenirymv@java.com,Male,168.70.225.222
825,Petra,Bursnoll,pbursnollmw@sakura.ne.jp,Female,251.109.212.201
826,Sollie,Enston,senstonmx@tumblr.com,Male,59.135.73.135
827,Andros,Hannent,ahannentmy@acquirethisname.com,Male,229.195.247.3
828,Nanon,Remnant,nremnantmz@ox.ac.uk,Female,227.230.184.187
829,Ruddie,Gudahy,rgudahyn0@bloglines.com,Bigender,64.223.239.184
830,Bay,Shreenan,bshreenann1@vk.com,Male,120.26.163.115
831,Markus,Pedrazzi,mpedrazzin2@chron.com,Male,106.217.126.194
832,Weider,Dalmon,wdalmonn3@psu.edu,Male,13.180.210.254
833,Carlye,Longhorne,clonghornen4@rambler.ru,Female,71.35.167.51
834,Claudine,Seaton,cseatonn5@hexun.com,Female,142.97.28.186
835,Loreen,Pengilley,lpengilleyn6@aboutads.info,Female,32.239.48.59
836,Bax,Quest,bquestn7@dell.com,Male,46.33.193.229
837,Carlyle,Sessuns,csessunsn8@vimeo.com,Male,18.227.68.1
838,Archambault,Jolliff,ajolliffn9@paypal.com,Male,131.242.252.255
839,Yardley,Winckle,ywincklena@bloomberg.com,Male,222.85.67.173
840,Sharon,Utley,sutleynb@wikipedia.org,Female,49.44.251.140
841,Godart,Wooffinden,gwooffindennc@dmoz.org,Male,83.26.61.65
842,Melloney,Housecraft,mhousecraftnd@discovery.com,Female,71.182.58.40
843,Heddi,Scrigmour,hscrigmourne@a8.net,Bigender,135.243.7.98
844,Donall,Kerridge,dkerridgenf@cbsnews.com,Male,94.203.156.253
845,Lannie,Ashlin,lashlinng@soundcloud.com,Male,34.80.66.91
846,Wallas,Fullun,wfullunnh@creativecommons.org,Male,31.119.118.55
847,Kalila,Brommage,kbrommageni@twitter.com,Female,82.157.35.179
848,Spencer,Hutchinson,shutchinsonnj@miibeian.gov.cn,Male,251.27.41.59
849,Bridgette,Scrogges,bscroggesnk@newyorker.com,Female,14.75.153.175
850,Rip,Josifovic,rjosifovicnl@wordpress.org,Male,91.61.115.240
851,Warner,Cranmer,wcranmernm@earthlink.net,Male,124.167.210.76
852,Meridith,Shepton,msheptonnn@ycombinator.com,Female,78.245.25.51
853,Cristina,Tabary,ctabaryno@netlog.com,Female,128.16.209.82
854,Correy,Covotti,ccovottinp@oracle.com,Male,44.206.30.223
855,Belicia,Lovelady,bloveladynq@nationalgeographic.com,Female,61.59.53.84
856,Den,Coolbear,dcoolbearnr@go.com,Male,131.105.149.97
857,Fabe,Trayte,ftraytens@springer.com,Male,230.136.17.97
858,Joletta,Mannin,jmanninnt@princeton.edu,Female,174.222.241.10
859,Caldwell,Sesons,csesonsnu@google.de,Male,196.141.47.196
860,Joachim,Morris,jmorrisnv@indiegogo.com,Male,215.64.186.160
861,Addia,Carvell,acarvellnw@furl.net,Female,104.159.54.144
862,Stephannie,Keelinge,skeelingenx@woothemes.com,Non-binary,68.55.68.166
863,Kalinda,Rochford,krochfordny@ed.gov,Genderfluid,107.125.74.80
864,Delphinia,Petri,dpetrinz@last.fm,Female,113.219.180.115
865,Gwendolen,Walicki,gwalickio0@shinystat.com,Female,232.5.39.221
866,Page,Cran,pcrano1@dedecms.com,Genderqueer,30.206.63.220
867,Burton,Jilkes,bjilkeso2@reference.com,Male,116.38.30.253
868,Emlynne,Arrighi,earrighio3@comsenz.com,Female,224.247.212.231
869,Becky,Pitrasso,bpitrassoo4@discuz.net,Female,6.34.101.92
870,Warden,Bradbrook,wbradbrooko5@rakuten.co.jp,Male,69.72.17.210
871,Vassili,Sher,vshero6@sfgate.com,Male,62.91.22.5
872,Radcliffe,Burton,rburtono7@cbslocal.com,Male,42.42.81.22
873,Zach,Lackham,zlackhamo8@weibo.com,Male,102.67.140.39
874,Rod,Zukierman,rzukiermano9@ameblo.jp,Male,126.74.111.220
875,Reidar,Bulbrook,rbulbrookoa@zdnet.com,Male,56.0.112.109
876,Christopher,Lewzey,clewzeyob@goo.ne.jp,Male,225.119.41.199
877,Janeva,Hallin,jhallinoc@creativecommons.org,Female,1.141.25.80
878,Lotty,Arro,larrood@canalblog.com,Female,46.165.18.177
879,Alyosha,Hertwell,ahertwelloe@cisco.com,Genderqueer,54.101.22.161
880,Byrle,Storkes,bstorkesof@360.cn,Male,10.91.73.4
881,Ali,Sorro,asorroog@exblog.jp,Male,141.147.48.105
882,Debra,MacKereth,dmackerethoh@oakley.com,Female,113.51.196.161
883,Sandor,Jerrard,sjerrardoi@google.ru,Male,176.7.252.96
884,Serge,Corbally,scorballyoj@odnoklassniki.ru,Male,13.61.145.68
885,Bay,Lodge,blodgeok@deliciousdays.com,Male,236.221.253.116
886,Adelaida,McGloin,amcgloinol@cisco.com,Female,33.73.219.21
887,Binny,Fairlie,bfairlieom@ocn.ne.jp,Female,244.136.125.87
888,Amberly,Bartosiak,abartosiakon@geocities.com,Female,70.1.237.156
889,Mordy,Micheli,mmichelioo@xrea.com,Male,228.148.119.162
890,Immanuel,Harriss,iharrissop@salon.com,Male,34.88.222.198
891,Hastie,Kolinsky,hkolinskyoq@digg.com,Male,101.69.244.36
892,Bertram,Blodgetts,bblodgettsor@umn.edu,Male,116.22.159.198
893,Donny,Delong,ddelongos@army.mil,Male,50.109.31.126
894,Jarvis,Blabie,jblabieot@alibaba.com,Male,250.203.215.128
895,Isak,Vockins,ivockinsou@telegraph.co.uk,Male,65.107.129.201
896,Arlette,Frean,afreanov@example.com,Female,40.131.110.32
897,Amelita,Pickett,apickettow@ameblo.jp,Female,96.187.90.44
898,Ines,Pellington,ipellingtonox@flickr.com,Female,144.101.185.166
899,Zelma,Maclean,zmacleanoy@artisteer.com,Female,134.90.191.70
900,Kay,Lippett,klippettoz@ihg.com,Non-binary,127.134.199.36
901,Dalton,Nurse,dnursep0@ftc.gov,Male,13.242.217.21
902,Ced,Chantree,cchantreep1@webnode.com,Male,66.118.11.106
903,Anica,McPake,amcpakep2@barnesandnoble.com,Female,47.250.178.229
904,Ingelbert,Getch,igetchp3@columbia.edu,Male,10.135.27.168
905,Ody,Gavaran,ogavaranp4@over-blog.com,Male,11.172.97.241
906,Bonny,Laurie,blauriep5@weibo.com,Female,195.105.45.255
907,Elsworth,Ginity,eginityp6@g.co,Male,194.146.27.118
908,Raphael,MacConchie,rmacconchiep7@seattletimes.com,Non-binary,246.19.233.64
909,Adrianna,Virgo,avirgop8@xing.com,Female,175.51.7.71
910,Claudio,Cabbell,ccabbellp9@woothemes.com,Agender,183.221.28.75
911,Francesca,Kiledal,fkiledalpa@wikia.com,Female,24.144.134.0
912,Shanan,Alessandrini,salessandrinipb@cloudflare.com,Male,0.51.158.135
913,Nigel,Parman,nparmanpc@wikimedia.org,Male,255.54.227.137
914,Sunshine,Eite,seitepd@joomla.org,Female,27.125.211.64
915,Sean,Probate,sprobatepe@printfriendly.com,Female,31.49.94.201
916,Cross,Boutton,cbouttonpf@hhs.gov,Male,199.97.85.171
917,Norris,Cholwell,ncholwellpg@bbc.co.uk,Male,62.58.71.247
918,Cara,Liebermann,cliebermannph@cdbaby.com,Agender,80.114.66.219
919,Tomas,Drivers,tdriverspi@scientificamerican.com,Male,149.53.220.93
920,Ardelia,Lealle,aleallepj@shutterfly.com,Female,157.147.98.247
921,Angelita,Mitchall,amitchallpk@marketwatch.com,Female,111.156.214.80
922,Madelene,Elion,melionpl@rakuten.co.jp,Female,32.222.192.135
923,Eduardo,Exley,eexleypm@t-online.de,Male,255.42.46.81
924,Richard,Agar,ragarpn@reverbnation.com,Male,57.141.147.242
925,Glory,Terrelly,gterrellypo@photobucket.com,Agender,180.23.6.186
926,Cati,Redford,credfordpp@whitehouse.gov,Female,45.132.210.189
927,Ilaire,Wherrett,iwherrettpq@trellian.com,Male,152.115.83.166
928,Bartholomeo,Lamprecht,blamprechtpr@redcross.org,Male,218.87.183.57
929,Daniela,Charrett,dcharrettps@tiny.cc,Female,133.105.159.7
930,Tremain,McTeer,tmcteerpt@amazon.de,Male,244.244.107.194
931,Reeva,Aitken,raitkenpu@phoca.cz,Female,58.128.77.228
932,Troy,Painswick,tpainswickpv@businessweek.com,Male,251.4.3.168
933,Elisha,Poleykett,epoleykettpw@mapy.cz,Male,136.197.233.131
934,Cacilie,Abrahams,cabrahamspx@prweb.com,Female,165.53.135.212
935,Tamera,Cod,tcodpy@unc.edu,Female,39.152.17.11
936,Bamby,Stanex,bstanexpz@scientificamerican.com,Agender,253.62.254.195
937,Maurie,Ortega,mortegaq0@spotify.com,Male,65.183.38.33
938,Bjorn,Dabernott,bdabernottq1@reference.com,Male,210.10.208.12
939,Al,Tanton,atantonq2@meetup.com,Male,101.81.48.135
940,Derwin,Shrubshall,dshrubshallq3@dot.gov,Male,237.221.234.52
941,Doralynne,Teml,dtemlq4@dyndns.org,Female,242.212.86.230
942,Kane,Wearne,kwearneq5@seattletimes.com,Male,199.126.146.239
943,Mitch,Slane,mslaneq6@imgur.com,Male,80.141.65.73
944,Rodina,Hirschmann,rhirschmannq7@webnode.com,Female,200.217.113.69
945,Twila,Johannesson,tjohannessonq8@bravesites.com,Female,11.36.166.174
946,Rutger,Ribbens,rribbensq9@addthis.com,Male,203.181.59.135
947,Jenna,Primo,jprimoqa@craigslist.org,Female,131.95.148.105
948,Mahala,Weld,mweldqb@twitter.com,Female,141.239.67.184
949,Abrahan,Giacovazzo,agiacovazzoqc@redcross.org,Male,74.97.164.95
950,Shoshana,Corton,scortonqd@domainmarket.com,Female,117.110.160.33
951,Justus,Jacquemet,jjacquemetqe@fc2.com,Male,5.95.14.102
952,Griselda,Fairholme,gfairholmeqf@geocities.com,Female,211.57.161.136
953,Ari,Gillaspy,agillaspyqg@bloglines.com,Male,115.116.217.141
954,Bathsheba,Twidell,btwidellqh@sohu.com,Female,53.192.143.193
955,Daveta,Bray,dbrayqi@php.net,Female,234.63.250.4
956,Lavinia,Sheppard,lsheppardqj@phpbb.com,Female,55.48.125.221
957,Cecil,Huske,chuskeqk@squarespace.com,Female,32.74.0.196
958,Sampson,Wallege,swallegeql@independent.co.uk,Male,168.83.100.144
959,Bevvy,Arrowsmith,barrowsmithqm@cnet.com,Female,161.55.123.222
960,Lane,Teresse,lteresseqn@webs.com,Bigender,70.129.130.66
961,Meir,Ebhardt,mebhardtqo@netscape.com,Male,208.193.23.96
962,Adena,Snugg,asnuggqp@pagesperso-orange.fr,Female,94.28.76.110
963,Marysa,Paddefield,mpaddefieldqq@netvibes.com,Female,32.118.158.233
964,Zachery,Yankov,zyankovqr@blogspot.com,Male,251.132.122.199
965,Lynda,Andino,landinoqs@surveymonkey.com,Female,58.84.96.38
966,Elysha,Duferie,eduferieqt@tuttocitta.it,Female,22.7.118.220
967,Cherrita,Briereton,cbrieretonqu@ovh.net,Female,194.166.36.182
968,Rabbi,Caurah,rcaurahqv@paypal.com,Male,19.91.231.28
969,Solly,O'Gready,sogreadyqw@dagondesign.com,Male,205.4.179.37
970,Malynda,Isacq,misacqqx@constantcontact.com,Female,210.15.31.167
971,Zaccaria,Klink,zklinkqy@earthlink.net,Male,66.250.232.61
972,Philippe,Billings,pbillingsqz@weather.com,Female,204.53.28.191
973,Verine,Romanetti,vromanettir0@clickbank.net,Female,32.76.54.50
974,Marlyn,Lamplough,mlamploughr1@ftc.gov,Female,170.227.247.151
975,Selby,Annesley,sannesleyr2@reddit.com,Male,55.226.115.151
976,Caritta,Bartlomiejczyk,cbartlomiejczykr3@nps.gov,Female,26.247.202.180
977,Jodie,Lisett,jlisettr4@wunderground.com,Female,46.87.83.95
978,Daffy,Doerr,ddoerrr5@g.co,Female,10.105.255.102
979,Hilde,Chamberlain,hchamberlainr6@drupal.org,Female,149.233.180.27
980,Angil,Brunicke,abrunicker7@constantcontact.com,Female,138.147.115.143
981,Gayle,Jones,gjonesr8@cyberchimps.com,Genderfluid,136.185.213.143
982,Hernando,Giorgietto,hgiorgiettor9@mac.com,Male,39.180.62.232
983,Augustina,Brachell,abrachellra@smugmug.com,Female,26.5.28.141
984,Alasdair,Andrick,aandrickrb@issuu.com,Male,32.131.245.128
985,Jemimah,Chisman,jchismanrc@xrea.com,Female,198.14.12.121
986,Tallie,Noorwood,tnoorwoodrd@kickstarter.com,Female,113.174.65.25
987,Monro,Ilyas,milyasre@mtv.com,Male,231.37.198.43
988,Vasili,Degan,vdeganrf@timesonline.co.uk,Male,177.242.141.162
989,Ramon,Pryde,rpryderg@utexas.edu,Polygender,52.175.72.214
990,Eldin,Insley,einsleyrh@ox.ac.uk,Non-binary,238.35.25.163
991,Elvyn,Vineall,evineallri@house.gov,Male,125.205.131.25
992,Jacky,Iacovelli,jiacovellirj@state.tx.us,Male,63.41.6.153
993,Aurelia,Aspinal,aaspinalrk@posterous.com,Female,74.97.137.180
994,Ursuline,Carnduff,ucarnduffrl@cbc.ca,Female,115.59.254.35
995,Stefan,Guyon,sguyonrm@discuz.net,Male,207.3.27.34
996,Portia,Laker,plakerrn@cafepress.com,Female,49.96.198.40
997,Royall,Chaudhry,rchaudhryro@skyrock.com,Male,165.241.232.16
998,Gibbie,Redgrave,gredgraverp@ihg.com,Male,233.170.110.26
999,Ozzie,Mobbs,omobbsrq@craigslist.org,Agender,82.39.141.5
1000,Trstram,Casbourne,tcasbournerr@themeforest.net,Male,241.159.113.193
